id,name,city,category,avg_cost,duration_min,price_level,open_time,close_time,closed_days,rating,review_count,popularity,address,tags,best_time,desc,lat,lon,image_url
1,Sun World Ba Na Hills,Da Nang,sightseeing,850000,360,$$$,08:00,22:00,,4.6,45000.0,0.95,"An Son, Hoa Ninh, Hoa Vang",golden bridge;cable car;theme park,All year,"Tổ hợp vui chơi trên núi với Cầu Vàng, làng Pháp, vườn hoa.",,,
2,Golden Bridge (Cầu Vàng),Da Nang,sightseeing,0,60,$$$,08:00,19:00,,4.7,40000.0,0.98,Trong Sun World Ba Na Hills,checkin;view;photo,All year,Cầu đi bộ màu vàng được đỡ bởi đôi bàn tay khổng lồ.,,,
3,Asia Park – Sun World Danang Wonders,Da Nang,sightseeing,150000,180,$$,15:00,22:00,,4.4,12000.0,0.8,"01 Phan Đăng Lưu, Hải Châu",sun wheel;rides;theme park,Evening,Công viên giải trí lớn với Sun Wheel.,,,
4,Sun Wheel (Vòng quay Mặt Trời),Da Nang,sightseeing,75000,45,$,16:30,22:00,,4.5,8000.0,0.7,"Trong Asia Park, 01 Phan Đăng Lưu",night view;cityscape,Evening,Ngắm toàn cảnh thành phố về đêm.,,,
5,Bảo tàng Điêu khắc Chăm,Da Nang,sightseeing,120000,90,$,08:00,17:00,Mon,4.6,9000.0,0.65,"Số 2, đường 2/9, Hải Châu",museum;cham;history,Morning,Trưng bày điêu khắc Chăm Pa lớn nhất.,,,
6,Ngũ Hành Sơn (Marble Mountains),Da Nang,sightseeing,40000,120,$,07:00,17:30,,4.6,20000.0,0.9,"81 Huyền Trân Công Chúa, Ngũ Hành Sơn",mountain;cave;pagoda,All year,"Cụm núi đá vôi, nhiều hang động & chùa.",,,
7,Chùa Linh Ứng – Sơn Trà,Da Nang,sightseeing,0,90,$,06:00,21:00,,4.7,25000.0,0.85,"Bãi Bụt, bán đảo Sơn Trà",pagoda;sea view;son tra,All year,Tượng Quan Âm 67m nhìn ra biển.,,,
8,Cầu Rồng,Da Nang,sightseeing,0,30,$,00:00,23:59,,4.6,60000.0,1.0,Đường Võ Văn Kiệt / Trần Hưng Đạo,bridge;light show;river,Weekend night,Thứ 7 & CN có phun lửa/nước buổi tối.,,,
9,Bãi biển Mỹ Khê,Da Nang,sightseeing,0,120,$,,,,,4.7,50000.0,0.95,"Võ Nguyên Giáp, Sơn Trà/Ngũ Hành Sơn",beach;swim;sunrise,Morning,"Biển đẹp, cát mịn.",,
10,Bãi biển Non Nước,Da Nang,sightseeing,0,120,$,,,,,4.5,9000.0,0.6,"Trường Sa, Ngũ Hành Sơn",beach;surf;relax,Morning,"Biển dài, yên tĩnh gần Ngũ Hành Sơn.",,
11,Bãi biển Bắc Mỹ An,Da Nang,sightseeing,0,120,$,,,,,4.5,7000.0,0.55,"Võ Nguyên Giáp, Ngũ Hành Sơn",beach;resort,Morning,Khu resort cao cấp dọc bờ biển.,,
12,Bán đảo Sơn Trà – Cây Đa Ngàn Năm,Da Nang,sightseeing,0,90,$,,,,,4.6,6000.0,0.6,"Sơn Trà, Đà Nẵng",nature;giant banyan;photo,Morning,"Cây đa cổ thụ lớn, cung đường ven biển đẹp.",,
13,Hải đăng Tiên Sa,Da Nang,sightseeing,0,90,$,,,,,4.5,4000.0,0.4,Sơn Trà,lighthouse;view;drive,Morning,Một trong những hải đăng đẹp của miền Trung.,,
14,Đèo Hải Vân – Hải Vân Quan,Da Nang,sightseeing,0,180,$,,,,,4.7,15000.0,0.85,Đỉnh đèo Hải Vân (ranh giới Huế–Đà Nẵng),pass;view;history,Morning,"Cổng Trời, check-in đèo đẹp nhất VN.",,
15,Bảo tàng Đà Nẵng,Da Nang,sightseeing,40000,90,$,08:00,17:00,Mon,4.3,3000.0,0.35,"24 Trần Phú, Hải Châu",museum;history,Morning,Giới thiệu lịch sử – văn hóa Đà Nẵng.,,,
16,Cầu Sông Hàn (cầu quay),Da Nang,sightseeing,0,30,$,,,,,4.5,12000.0,0.6,Trần Hưng Đạo – Lê Duẩn bắc qua sông Hàn,bridge;rotate;night,Late night,Cầu quay vào đêm cuối tuần (thường khuya).,,
17,Cầu Thuận Phước,Da Nang,sightseeing,0,30,$,,,,,4.4,7000.0,0.5,Thọ Quang – Hải Châu,bridge;photo;night,Evening,"Cầu dây võng dài, chụp đêm đẹp.",,
18,Helio Night Market,Da Nang,sightseeing,0,120,$,17:00,22:30,Tue,4.4,15000.0,0.75,"2/9, Hải Châu",night market;street food;music,Evening,"Chợ đêm, đồ ăn & âm nhạc.",,,
19,Chợ Đêm Sơn Trà,Da Nang,sightseeing,0,120,$,18:00,23:00,,4.3,9000.0,0.6,Lý Nam Đế – Mai Hắc Đế,night market;shopping,Evening,"Quà lưu niệm, ẩm thực gần Cầu Rồng.",,,
20,Chợ Hàn,Da Nang,sightseeing,0,90,$,06:00,19:00,,4.2,15000.0,0.7,"119 Trần Phú, Hải Châu",market;local food;shopping,Morning,Chợ trung tâm nổi tiếng.,,,
21,Bảo tàng Hoàng Sa,Da Nang,sightseeing,0,90,$,07:30,17:00,Mon,4.4,2000.0,0.3,"Hoàng Sa, Sơn Trà",museum;maritime;history,Morning,Trưng bày tư liệu về Hoàng Sa.,,,
22,Công viên APEC,Da Nang,sightseeing,0,45,$,,,,,4.4,5000.0,0.4,"Đường 2/9, bờ Tây sông Hàn",park;public art;photo,Evening,"Mái vòm uốn lượn, dạo bộ ven sông.",,
23,Công viên Biển Đông,Da Nang,sightseeing,0,60,$,,,,,4.5,6000.0,0.5,"Phạm Văn Đồng, Sơn Trà",beach park;pigeon;event,Morning,Nơi tổ chức nhiều sự kiện biển.,,
24,Suối Hoa – Hòa Ninh,Da Nang,sightseeing,50000,180,$,07:00,17:30,,4.2,2500.0,0.25,"Hòa Ninh, Hòa Vang",stream;picnic;camping,All year,Khu dã ngoại gần thiên nhiên.,,,
25,Rừng dừa Bảy Mẫu – Cẩm Thanh (Hội An gần ĐN),Da Nang,sightseeing,200000,120,$$,07:30,17:00,,4.5,15000.0,0.7,"Cẩm Thanh, cách ĐN ~30km",basket boat;eco;river,Morning,"Thúng chai, trải nghiệm sông nước.",,,
26,Bảo tàng Mỹ thuật Đà Nẵng,Da Nang,sightseeing,35000,60,$,08:00,17:00,Mon,4.3,1200.0,0.2,"78 Lê Duẩn, Hải Châu",museum;art,Afternoon,Triển lãm mỹ thuật địa phương.,,,
27,Nhà thờ Con Gà (Chính tòa),Da Nang,sightseeing,0,30,$,07:00,19:00,,4.4,11000.0,0.55,"156 Trần Phú, Hải Châu",church;pink cathedral;photo,Morning,Nhà thờ màu hồng nổi tiếng.,,,
28,Cung thiếu nhi Đà Nẵng (Nhà thờ Con Gà mới),Da Nang,sightseeing,0,45,$,,,,,4.3,5000.0,0.35,"2/9, Hải Châu",architecture;photo,Evening,"Kiến trúc hiện đại, chụp ảnh.",,
29,Hồ Hòa Trung,Da Nang,sightseeing,0,180,$,,,,,4.5,3000.0,0.3,"Hòa Liên, Hòa Vang",lake;camping;SUP,Afternoon,"Hồ đẹp mùa nước, cắm trại.",,
30,Thác Hòa Phú Thành,Da Nang,sightseeing,200000,180,$$,08:00,17:00,,4.5,6000.0,0.45,"Q.lộ 14G, Hòa Phú, Hòa Vang",rafting;zipline;slides,Morning,"Trượt thác, zipline mạo hiểm.",,,
31,Núi Thần Tài – Suối khoáng nóng,Da Nang,sightseeing,450000,240,$$,08:00,18:00,,4.5,7000.0,0.5,"QL14G, Hòa Phú, Hòa Vang",hot spring;water park;spa,All year,Công viên khoáng nóng.,,,
32,Cầu Tình Yêu & Cá chép hóa rồng,Da Nang,sightseeing,0,30,$,,,,,4.4,14000.0,0.7,Đường Trần Hưng Đạo (bờ Đông),bridge;lock;photo,Evening,"Biểu tượng tình yêu, gần MMs.",,
33,Du thuyền sông Hàn,Da Nang,sightseeing,150000,60,$$,18:30,21:30,,4.4,8000.0,0.6,Bến du thuyền Trần Hưng Đạo,river cruise;night;music,Evening,Ngắm các cây cầu về đêm.,,,
34,Bảo tàng 3D TrickEye/Art in Paradise,Da Nang,sightseeing,150000,90,$$,09:00,20:00,,4.4,6000.0,0.5,"63 Trần Phú, Hải Châu",3d;interactive;photo,Afternoon,Bảo tàng 3D sống động.,,,
35,Làng Vân (hoang sơ dưới chân đèo),Da Nang,sightseeing,0,240,$,,,,,4.6,5000.0,0.5,Chân đèo Hải Vân,beach;camping;hiking,Morning,"Bãi biển hoang sơ, đi bộ/đường sắt.",,
36,Hầm Hải Vân (tham quan cũ),Da Nang,sightseeing,0,60,$,,,,,4.2,1000.0,0.2,Đèo Hải Vân,history;tunnel;photo,Morning,Check-in khu hầm cũ (cẩn trọng).,,
37,Bảo tàng Đồng Đình (Sơn Trà),Da Nang,sightseeing,100000,90,$,08:00,17:00,,4.5,1500.0,0.25,"Hoàng Sa, Sơn Trà",museum;garden;ethnic,Morning,Bảo tàng tư nhân giữa rừng Sơn Trà.,,,
38,Chùa Quan Âm (Ngũ Hành Sơn),Da Nang,sightseeing,0,60,$,,,,,4.4,2000.0,0.2,Ngũ Hành Sơn,pagoda;cave;spiritual,Morning,Chùa trong quần thể Ngũ Hành Sơn.,,
39,Làng đá Non Nước,Da Nang,sightseeing,0,60,$,07:00,18:00,,4.4,3000.0,0.3,"Huyền Trân Công Chúa, Ngũ Hành Sơn",stone village;craft;shopping,Morning,Làng nghề đá mỹ nghệ truyền thống.,,,
40,Bảo tàng Võ thuật cổ truyền,Da Nang,sightseeing,30000,60,$,08:00,17:00,Mon,4.2,800.0,0.1,Hải Châu,martial art;museum,Afternoon,Không gian trưng bày võ cổ truyền.,,,
41,Vincom Plaza + băng tuyết (Vincom Ice Rink),Da Nang,sightseeing,200000,90,$$,09:30,22:00,,4.3,7000.0,0.4,"910A Ngô Quyền, Sơn Trà",shopping;ice rink;family,Afternoon,Trượt băng trong nhà.,,,
42,Lotte Mart Đà Nẵng,Da Nang,sightseeing,0,90,$,09:00,22:00,,4.2,9000.0,0.4,"6 Nại Nam, Hải Châu",shopping;cinema;food court,Afternoon,Tổ hợp mua sắm – giải trí.,,,
43,Công viên Kỳ quan (Wonder Park mini),Da Nang,sightseeing,50000,60,$,08:00,21:00,,4.0,1500.0,0.15,Ngũ Hành Sơn,mini world;photo;family,Afternoon,Mô phỏng kỳ quan thu nhỏ.,,,
44,Hồ Đồng Xanh – Đồng Nghệ,Da Nang,sightseeing,30000,180,$,07:00,17:30,,4.2,2500.0,0.25,"Hòa Khương, Hòa Vang",lake;picnic;camping,Morning,Điểm dã ngoại ven hồ.,,,
45,Khu du lịch Bà Nà Suối Mơ (đường cũ),Da Nang,sightseeing,0,60,$,,,,,4.0,500.0,0.05,Hòa Ninh,historical route;view,Morning,"Đường cũ lên Bà Nà, check-in cảnh.",,
46,Nhà thờ Tin Lành Tam Kỳ – cơ sở ĐN,Da Nang,sightseeing,0,30,$,,,,,4.0,200.0,0.05,Hải Châu,church;architecture,Morning,Nhà thờ địa phương.,,
47,Bảo tàng Sưu tập Tem – tư nhân,Da Nang,sightseeing,50000,45,$,08:00,17:00,,4.0,100.0,0.02,Hải Châu,stamp;museum;hobby,Afternoon,Sưu tập tem cá nhân (khung giờ hẹn).,,,
48,Bến cá Thọ Quang,Da Nang,sightseeing,0,60,$,04:00,08:00,,4.3,2000.0,0.2,"Thọ Quang, Sơn Trà",fish market;sunrise;photo,Sunrise,"Chợ cá rạng sáng, ảnh đời sống biển.",,,
49,Chợ Cồn,Da Nang,sightseeing,0,90,$,07:00,18:00,,4.3,13000.0,0.6,"290 Hùng Vương, Hải Châu",market;food;dessert,Afternoon,"Thiên đường ăn vặt, đặc sản.",,,
50,Làng chiếu Cẩm Nê,Da Nang,sightseeing,0,90,$,,,,,4.2,800.0,0.1,"Hòa Tiến, Hòa Vang",craft village;mat weaving,Morning,Làng nghề truyền thống.,,
51,Khu du lịch Suối Lương,Da Nang,sightseeing,50000,180,$,07:00,17:30,,4.2,2000.0,0.25,"Hòa Hiệp Bắc, Liên Chiểu",stream;ecotourism;camping,Morning,"Điểm dã ngoại, cắm trại dưới chân đèo Hải Vân.",,,
52,Hồ Phú Ninh,Da Nang,sightseeing,30000,240,$,07:00,17:30,,4.3,1800.0,0.22,"Tam Kỳ, cách ĐN ~70km",lake;ecotourism;camping,Morning,"Hồ nước nhân tạo lớn, nhiều đảo nhỏ, cắm trại.",,,
53,Chợ đêm Lê Duẩn,Da Nang,sightseeing,0,90,$,18:00,23:00,Mon,4.1,1200.0,0.2,"Lê Duẩn, Hải Châu",night market;shopping;local,Evening,"Chợ đêm trung tâm, hàng lưu niệm, quần áo.",,,
54,Trạm radar 29 – Sơn Trà,Da Nang,sightseeing,0,60,$,,,,,4.5,500.0,0.15,Đỉnh Sơn Trà,radar;view;military,Morning,"Điểm cao nhất bán đảo Sơn Trà, view toàn Đà Nẵng.",,
55,Chùa Tam Thai – Ngũ Hành Sơn,Da Nang,sightseeing,0,60,$,07:00,17:00,,4.5,800.0,0.18,Ngũ Hành Sơn,pagoda;history;spiritual,Morning,Ngôi chùa cổ trong quần thể Ngũ Hành Sơn.,,,
56,Suối Khe Răm – Sơn Trà,Da Nang,sightseeing,0,120,$,,,,,4.2,600.0,0.1,Sơn Trà,stream;trekking;picnic,Morning,Điểm trekking nhỏ trong rừng Sơn Trà.,,
57,Nhà thờ Chính tòa Thánh Giuse,Da Nang,sightseeing,0,45,$,07:00,19:00,,4.1,500.0,0.08,"Hòa Khánh, Liên Chiểu",church;architecture,Morning,"Nhà thờ địa phương, kiến trúc đơn giản.",,,
58,Khu du lịch sinh thái Phú Túc,Da Nang,sightseeing,60000,150,$,07:00,17:30,,4.0,800.0,0.1,"Hòa Phú, Hòa Vang",ecotourism;stream;camping,Morning,Khu sinh thái mới nổi ở Hòa Vang.,,,
59,Chợ Siêu Thị,Da Nang,sightseeing,0,90,$,07:00,19:00,,4.2,3000.0,0.3,"46 Ông Ích Khiêm, Hải Châu",market;shopping;local,Morning,Chợ lâu đời ở trung tâm Đà Nẵng.,,,
60,Trung tâm hành chính Đà Nẵng,Da Nang,sightseeing,0,30,$,,,,,4.0,4000.0,0.25,"24 Trần Phú, Hải Châu",architecture;photo;symbol,Morning,Toà nhà cao tầng hình búp sen – biểu tượng thành phố.,,
61,Bảo tàng Đèn lồng Đà Nẵng,Da Nang,sightseeing,80000,60,$,08:00,17:30,,4.3,500.0,0.08,Ngũ Hành Sơn,lantern;museum;photo,Afternoon,Trưng bày đèn lồng nghệ thuật.,,,
62,Chợ Hải Sản Mân Thái,Da Nang,sightseeing,0,60,$,05:00,09:00,,4.2,1000.0,0.15,"Mân Thái, Sơn Trà",seafood;market;local,Morning,Chợ cá buổi sáng gần biển.,,,
63,Khu ẩm thực đêm An Thượng,Da Nang,sightseeing,0,120,$,18:00,23:00,,4.4,2500.0,0.35,"Khu phố Tây An Thượng, Ngũ Hành Sơn",nightlife;food;drinks,Evening,"Khu ẩm thực, quán bar, café tập trung nhiều khách Tây.",,,
64,Thác Suối Mơ – Hòa Ninh,Da Nang,sightseeing,40000,150,$,07:00,17:00,,4.1,700.0,0.1,"Hòa Ninh, Hòa Vang",waterfall;trekking;picnic,Morning,"Thác nước nhỏ trong rừng, thích hợp picnic.",,,
65,Đình làng Hải Châu,Da Nang,sightseeing,0,30,$,07:30,17:00,Mon,4.0,300.0,0.05,"Hải Châu 1, Hải Châu",communal house;history;culture,Morning,Di tích lịch sử của làng Hải Châu.,,,
66,Làng gốm Thanh Hà (gần ĐN),Da Nang,sightseeing,50000,90,$,08:00,17:30,,4.5,3000.0,0.4,"Cẩm Hà, Hội An – gần ĐN",pottery;craft;village,Morning,Làng nghề gốm truyền thống.,,,
67,Làng lụa Duy Trinh (gần ĐN),Da Nang,sightseeing,80000,90,$,08:00,17:30,,4.4,1200.0,0.2,"Duy Trinh, Duy Xuyên, Quảng Nam – gần ĐN",silk;craft;village,Morning,Nghề dệt lụa truyền thống.,,,
68,Nhà bia Võ Chí Công,Da Nang,sightseeing,0,30,$,07:00,17:00,,4.2,200.0,0.03,Hòa Vang,memorial;history;leader,Morning,Nhà bia tưởng niệm ông Võ Chí Công.,,,
69,Bảo tàng Võ Văn Kiệt (tư nhân),Da Nang,sightseeing,40000,45,$,08:00,17:00,,4.0,100.0,0.02,Thanh Khê,museum;private;politics,Afternoon,Bảo tàng tư nhân nhỏ.,,,
70,Nhà thờ giáo xứ Hòa Khánh,Da Nang,sightseeing,0,30,$,07:00,19:00,,4.1,300.0,0.05,Liên Chiểu,church;local,Morning,Nhà thờ địa phương tại Hòa Khánh.,,,
71,Hồ Xanh – Sơn Trà,Da Nang,sightseeing,0,90,$,,,,,4.5,3000.0,0.3,Sơn Trà,lake;photo;camping,Morning,"Hồ nhỏ trong núi Sơn Trà, màu nước xanh ngọc.",,
72,Suối Đá – Suối Tiên,Da Nang,sightseeing,50000,120,$,07:00,17:00,,4.4,1500.0,0.25,"Hòa Phú, Hòa Vang",stream;picnic;camping,Morning,Điểm dã ngoại nổi tiếng mùa hè.,,,
73,Khu du lịch Ngầm Đôi,Da Nang,sightseeing,70000,150,$,07:00,17:00,,4.4,2000.0,0.3,"Xã Hòa Phú, Hòa Vang",ecotourism;stream;camping,Morning,Khu du lịch sinh thái trong rừng.,,,
74,Chợ Hòa Khánh,Da Nang,sightseeing,0,90,$,06:00,18:00,,4.2,2500.0,0.25,"Hòa Khánh, Liên Chiểu",market;shopping;local,Morning,Chợ trung tâm của khu Hòa Khánh.,,,
75,Đình làng Túy Loan,Da Nang,sightseeing,0,45,$,07:00,17:00,,4.2,500.0,0.08,"Hòa Phong, Hòa Vang",communal house;history,Morning,Đình làng cổ hơn 500 năm tuổi.,,,
76,Suối Phú Túc,Da Nang,sightseeing,40000,120,$,07:00,17:00,,4.1,900.0,0.12,"Hòa Phú, Hòa Vang",stream;camping,Morning,"Suối mát lạnh, nhiều đá tảng lớn.",,,
77,Chợ Hòa Vang,Da Nang,sightseeing,0,90,$,06:00,18:00,,4.1,1000.0,0.1,Hòa Vang,market;local,Morning,Chợ truyền thống của huyện Hòa Vang.,,,
78,Nhà cổ Túy Loan,Da Nang,sightseeing,0,45,$,,,,,4.0,300.0,0.05,"Túy Loan, Hòa Vang",ancient house;history,Morning,Nhà cổ hàng trăm năm tuổi.,,
79,Khu du lịch sinh thái Thủy Tú,Da Nang,sightseeing,50000,120,$,07:00,17:00,,4.0,700.0,0.1,"Hòa Phong, Hòa Vang",ecotourism;lake,Morning,Khu sinh thái ven hồ nhỏ.,,,
80,Làng bích họa Tam Thanh (Quảng Nam gần ĐN),Da Nang,sightseeing,60000,90,$,08:00,17:30,,4.5,2000.0,0.3,"Tam Thanh, Tam Kỳ",mural village;art,Morning,"Làng bích họa nổi tiếng, cách ĐN ~70km.",,,
81,Thác An Dương,Da Nang,sightseeing,30000,120,$,07:00,17:00,,4.2,600.0,0.1,"Hòa Bắc, Hòa Vang",waterfall;trekking,Morning,"Thác nước nhỏ, hoang sơ.",,,
82,Làng nghề nước mắm Nam Ô,Da Nang,sightseeing,0,60,$,,,,,4.5,1500.0,0.25,"Nam Ô, Liên Chiểu",fish sauce;craft village,Morning,Nước mắm Nam Ô truyền thống.,,
83,Ghềnh Nam Ô,Da Nang,sightseeing,0,90,$,,,,,4.6,2500.0,0.3,"Nam Ô, Liên Chiểu",reef;photo;beach,Morning,Ghềnh đá rêu xanh nổi tiếng.,,
84,Rạn Nam Ô,Da Nang,sightseeing,0,120,$,,,,,4.5,2200.0,0.28,"Nam Ô, Liên Chiểu",snorkeling;reef;beach,Morning,Bãi đá ngầm thích hợp lặn ngắm san hô.,,
85,Chợ Nam Ô,Da Nang,sightseeing,0,60,$,06:00,11:00,,4.1,600.0,0.1,"Nam Ô, Liên Chiểu",market;local,Morning,Chợ nhỏ vùng ven biển Nam Ô.,,,
86,Nhà thờ giáo xứ Nam Ô,Da Nang,sightseeing,0,45,$,,,,,4.0,200.0,0.05,"Nam Ô, Liên Chiểu",church;local,Morning,Nhà thờ địa phương.,,
87,Chợ Thanh Khê,Da Nang,sightseeing,0,90,$,06:00,18:00,,4.2,1800.0,0.2,Thanh Khê,market;shopping;local,Morning,Chợ trung tâm quận Thanh Khê.,,,
88,Bảo tàng Ký ức Đà Nẵng,Da Nang,sightseeing,50000,60,$,08:00,17:00,,4.0,400.0,0.05,Hải Châu,museum;private,Afternoon,Không gian trưng bày tư nhân.,,,
89,Nhà lưu niệm Phan Châu Trinh,Da Nang,sightseeing,0,60,$,07:00,17:00,,4.3,500.0,0.08,Hòa Vang,memorial;history,Morning,Nhà lưu niệm chí sĩ Phan Châu Trinh.,,,
90,Thác Ghềnh Bàu,Da Nang,sightseeing,20000,120,$,07:00,17:00,,4.0,400.0,0.05,"Hòa Bắc, Hòa Vang",waterfall;trekking,Morning,"Thác nước tự nhiên, ít người biết.",,,
91,Đình làng Nam Ô,Da Nang,sightseeing,0,45,$,,,,,4.1,200.0,0.05,"Nam Ô, Liên Chiểu",communal house;history,Morning,Đình làng truyền thống.,,
92,Làng nghề chiếu Cẩm Nê,Da Nang,sightseeing,0,60,$,,,,,4.2,800.0,0.1,"Cẩm Nê, Hòa Tiến",mat weaving;craft,Morning,Nghề dệt chiếu truyền thống.,,
93,Nhà thờ Tin Lành Đà Nẵng,Da Nang,sightseeing,0,45,$,07:00,19:00,,4.2,400.0,0.05,"156 Trần Phú, Hải Châu",church;architecture,Morning,Nhà thờ Tin Lành trung tâm.,,,
94,Tháp Xá Lợi – Ngũ Hành Sơn,Da Nang,sightseeing,0,45,$,,,,,4.3,800.0,0.1,Ngũ Hành Sơn,tower;pagoda;spiritual,Morning,Tháp Xá Lợi trong quần thể Ngũ Hành Sơn.,,
95,Suối Mơ Đông Giang (gần ĐN),Da Nang,sightseeing,50000,180,$,07:00,17:00,,4.4,1000.0,0.15,"Đông Giang, Quảng Nam – gần ĐN",stream;ecotourism,Morning,"Suối Mơ trong rừng, thích hợp dã ngoại.",,,
96,Chợ Hòa Phát,Da Nang,sightseeing,0,90,$,06:00,18:00,,4.1,900.0,0.1,"Hòa Phát, Cẩm Lệ",market;local,Morning,Chợ trung tâm Hòa Phát.,,,
97,Nhà thờ giáo xứ Phước Tường,Da Nang,sightseeing,0,45,$,,,,,4.0,300.0,0.05,"Phước Tường, Cẩm Lệ",church;local,Morning,Nhà thờ địa phương.,,
98,Đình làng Phước Tường,Da Nang,sightseeing,0,45,$,,,,,4.0,200.0,0.05,Cẩm Lệ,communal house;history,Morning,Di tích làng cổ.,,
99,Làng nghề bánh khô mè Cẩm Lệ,Da Nang,sightseeing,0,60,$,,,,,4.2,500.0,0.08,Cẩm Lệ,craft;cake;specialty,Morning,Đặc sản khô mè nổi tiếng.,,
100,Nhà thờ giáo xứ Hòa Tiến,Da Nang,sightseeing,0,45,$,,,,,4.0,250.0,0.05,"Hòa Tiến, Hòa Vang",church;local,Morning,Nhà thờ địa phương nhỏ.,,
101,Mì Quảng Bà Mua,Da Nang,food,60000,45,$,06:00,21:00,,4.5,12000.0,0.8,"19-21 Trần Bình Trọng, Hải Châu",mi quang;noodle;local,Morning,Thương hiệu mì Quảng nổi tiếng.,,,
102,Bánh Xèo Bà Dưỡng,Da Nang,food,70000,60,$,10:00,21:00,,4.6,15000.0,0.9,"K280/23 Hoàng Diệu, Hải Châu",banh xeo;nem lui;local,Evening,"Bánh xèo giòn, nem lụi nướng.",,,
103,Hải sản Năm Đảnh,Da Nang,food,150000,90,$$,10:30,21:30,,4.4,11000.0,0.85,"K139/H59/38 Trần Quang Khải, Sơn Trà",seafood;local;budget,Evening,Hải sản bình dân nổi tiếng.,,,
104,Bé Mặn – Hải sản,Da Nang,food,250000,90,$$,10:00,22:00,,4.3,9000.0,0.7,"Lô 14 Võ Nguyên Giáp, Sơn Trà",seafood;beach;family,Evening,Quán hải sản ven biển.,,,
105,Mì Quảng 1A Hải Phòng,Da Nang,food,45000,45,$,06:00,21:00,,4.4,7000.0,0.6,"1A Hải Phòng, Hải Châu",mi quang;local,Morning,Mì Quảng truyền thống.,,,
106,Bún chả cá Bà Lữ,Da Nang,food,40000,45,$,06:00,21:00,,4.5,6000.0,0.55,"319 Hùng Vương, Hải Châu",fish cake noodle;local,Morning,Bún chả cá đậm đà.,,,
107,Bún mắm bà Vân,Da Nang,food,40000,45,$,07:00,20:00,,4.4,5000.0,0.5,"23/14 Trần Kế Xương, Hải Châu",bun mam;local,Afternoon,Món bún mắm đặc trưng ĐN.,,,
108,Ốc hút – chợ Cồn,Da Nang,food,30000,45,$,14:00,18:00,,4.3,4000.0,0.45,"Chợ Cồn, Hùng Vương",snack;street food;oc hut,Afternoon,Món ăn vặt nổi tiếng.,,,
109,Kem bơ Cô Vân,Da Nang,food,25000,30,$,14:00,21:00,,4.5,5000.0,0.55,"Chợ Bắc Mỹ An, Ngũ Hành Sơn",dessert;avocado ice cream,Afternoon,"Kem bơ mát lạnh, giá rẻ.",,,
110,Bánh tráng thịt heo Trần,Da Nang,food,120000,60,$$,10:00,21:00,,4.3,12000.0,0.7,"4 Lê Duẩn, Hải Châu (nhiều cơ sở)",pork wrap;rice paper;greens,Evening,Đặc sản cuốn rau sống.,,,
111,Bún thịt nướng – Bà Ngọc,Da Nang,food,40000,45,$,07:00,20:00,,4.3,3000.0,0.35,"Huỳnh Thúc Kháng, Hải Châu",grilled pork noodle;local,Afternoon,Bún thịt nướng giòn rụm.,,,
112,Cơm gà A.Hải,Da Nang,food,45000,45,$,10:00,21:00,,4.2,3000.0,0.3,"96 Phan Châu Trinh, Hải Châu",chicken rice;local,Afternoon,Cơm gà kiểu Đà Nẵng.,,,
113,Bánh canh chả cá Bà Đá,Da Nang,food,35000,45,$,06:30,21:00,,4.3,2000.0,0.25,"109 Nguyễn Chí Thanh, Hải Châu",fish cake noodle;soup,Morning,Bánh canh chả cá nóng hổi.,,,
114,"Bánh bèo, nậm, lọc Bà Bé",Da Nang,food,35000,45,$,14:00,18:30,,4.4,4000.0,0.4,"100 Hoàng Văn Thụ, Hải Châu",hue cake;local;snack,Afternoon,Món bánh Huế kiểu ĐN.,,,
115,Nhà hàng Madam Lân,Da Nang,food,200000,90,$$,10:00,22:00,,4.4,7000.0,0.6,"4 Bạch Đằng, Hải Châu",restaurant;river;set menu,Evening,"Không gian cổ, món Việt.",,,
116,Bếp Trang – Mì Quảng,Da Nang,food,55000,45,$,06:30,21:00,,4.4,9000.0,0.65,"24 Lê Hồng Phong, Hải Châu",mi quang;local chain,Morning,Thương hiệu mì Quảng hiện đại.,,,
117,Apsara Restaurant,Da Nang,food,250000,90,$$,10:00,22:00,,4.3,3000.0,0.35,"222 Trần Phú, Hải Châu",champa;dance;vietnamese,Evening,"Ẩm thực Việt, múa Chăm dịp đặc biệt.",,,
118,Làng Bích Họa Tam Thanh (ẩm thực ven),Da Nang,food,60000,90,$,09:00,18:00,,4.2,2000.0,0.2,Tam Kỳ/Hội An gần ĐN,street food;seafood,Afternoon,Kết hợp tour Hội An – ăn hải sản.,,,
119,Quán Mậu – bánh tráng cuốn thịt heo,Da Nang,food,90000,60,$,09:30,21:00,,4.3,6000.0,0.55,"35 Đỗ Thúc Tịnh, Cẩm Lệ",pork wrap;greens;local,Evening,Quán đông khách địa phương.,,,
120,Lẩu Hàu 1 Căn – Mỹ An,Da Nang,food,150000,90,$$,10:00,22:00,,4.3,2000.0,0.25,"31 An Thượng 6, Ngũ Hành Sơn",oyster hotpot;seafood,Evening,Khu phố Tây An Thượng.,,,
121,Thìa Gỗ – Danang Souvenirs & Café,Da Nang,food,45000,60,$,08:00,22:00,,4.5,6000.0,0.5,"34 Bạch Đằng, Hải Châu",coffee;gift;river,Morning,Café + quà lưu niệm view sông.,,,
122,43 Factory Coffee Roaster,Da Nang,food,70000,60,$,08:00,22:00,,4.6,7000.0,0.65,"Lô 422 Ngô Thi Sĩ, Ngũ Hành Sơn",specialty coffee;roastery,Morning,Cà phê specialty nổi tiếng.,,,
123,The Coffee House – Bạch Đằng,Da Nang,food,55000,60,$,07:00,22:30,,4.3,5000.0,0.35,"80 Bạch Đằng, Hải Châu",coffee;workspace;river,Afternoon,"View sông Hàn, tiện làm việc.",,,
124,Làng nướng Năm Hiền,Da Nang,food,150000,90,$$,10:00,22:00,,4.2,4000.0,0.3,"46 Phạm Văn Đồng, Sơn Trà",bbq;family;seafood,Evening,Nướng bình dân đông khách.,,,
125,Bún bò Huế O Lễ – ĐN,Da Nang,food,45000,45,$,06:00,21:00,,4.2,3500.0,0.3,"436 Trần Cao Vân, Thanh Khê",bun bo hue;local,Morning,Bún bò đậm vị.,,,
126,Bánh mì Đồng Tiến,Da Nang,food,20000,15,$,06:00,22:00,,4.3,8000.0,0.45,Nhiều cơ sở tại ĐN,banh mi;bakery;local chain,Morning,Bánh mì/ bánh ngọt nổi tiếng.,,,
127,Hải sản Bà Thôi 1,Da Nang,food,200000,90,$$,10:00,22:00,,4.3,8000,0.6,"96 Lê Đình Dương, Hải Châu",seafood;family;local,Evening,"Quán hải sản lâu đời, nổi tiếng với du khách.",,,
128,Hải sản Bé Anh,Da Nang,food,250000,90,$$,10:00,22:30,,4.4,6000,0.55,"Lô 11 Võ Nguyên Giáp, Sơn Trà",seafood;beach;family,Evening,"Hải sản tươi, view biển Mỹ Khê.",,,
129,Hải sản Năm Ngón,Da Nang,food,220000,90,$$,10:00,22:00,,4.2,4000,0.35,"Lô 6 Võ Nguyên Giáp, Sơn Trà",seafood;grill,Evening,"Nhiều món hải sản nướng, hấp.",,,
130,Nhà hàng Cá Chuồn Cồ,Da Nang,food,180000,90,$$,10:00,22:00,,4.4,3500,0.3,"Lô 1 Võ Văn Kiệt, Sơn Trà",seafood;restaurant;family,Evening,"Không gian rộng, món cá biển miền Trung.",,,
131,Nhà hàng Nén,Da Nang,food,500000,120,$$$,11:00,22:00,,4.6,2000,0.4,"16 Lê Thánh Tôn, Hải Châu",fine dining;modern vietnamese,Evening,"Ẩm thực sáng tạo, cao cấp.",,,
132,La Maison 1888 – InterContinental,Da Nang,food,1200000,150,$$$,18:00,22:00,Mon,4.8,1500,0.3,Bán đảo Sơn Trà,fine dining;french;luxury,Evening,Nhà hàng Pháp trong khu InterContinental.,,,
133,Panorama – A La Carte,Da Nang,food,400000,120,$$,11:00,22:00,,4.5,2500,0.35,"200 Võ Nguyên Giáp, Sơn Trà",buffet;skybar;sea view,Evening,Buffet + sky bar trên tầng thượng khách sạn.,,,
134,Nhà hàng Làng Nghệ,Da Nang,food,150000,90,$$,10:00,21:00,,4.4,2000,0.25,"119 Lê Lợi, Hải Châu",central vietnamese;family,Afternoon,Đặc sản Nghệ An – miền Trung.,,,
135,Nhà hàng Cơm Niêu Đà Nẵng,Da Nang,food,120000,90,$,10:00,21:00,,4.3,3000,0.3,"50 Phan Bội Châu, Hải Châu",vietnamese;rice pot,Afternoon,"Cơm niêu, canh chua, món Việt gia đình.",,,
136,Nhà hàng Madame Hạnh,Da Nang,food,220000,90,$$,10:00,22:00,,4.3,1800,0.2,"94 Hồ Xuân Hương, Ngũ Hành Sơn",seafood;family;banquet,Evening,"Không gian sang trọng, món hải sản.",,,
137,Nhà hàng Làng Việt,Da Nang,food,180000,90,$$,10:00,21:30,,4.2,1600,0.2,"Hòa Cường, Hải Châu",vietnamese;family,Evening,"Món ăn Việt, set menu truyền thống.",,,
138,Nhà hàng Phì Lũ 1,Da Nang,food,160000,90,$$,10:00,22:00,,4.1,2200,0.25,"225 Nguyễn Chí Thanh, Hải Châu",vietnamese;bbq;family,Evening,Quán ăn gia đình nổi tiếng lâu năm.,,,
139,Nhà hàng Cổ Đô,Da Nang,food,140000,90,$,10:00,22:00,,4.2,2000,0.25,"97 Nguyễn Tri Phương, Thanh Khê",vietnamese;family,Afternoon,"Quán cơm gia đình, thực đơn phong phú.",,,
140,Nhà hàng Nhật Daichi,Da Nang,food,300000,90,$$,10:00,22:00,,4.5,2500,0.3,"Đường 2/9, Hải Châu",japanese;sushi;ramen,Evening,"Ẩm thực Nhật, sushi sashimi.",,,
201,InterContinental Danang Sun Peninsula Resort,Da Nang,hotel,12000000,1440,$$$,00:00,23:59,,4.8,12000.0,0.9,"Bãi Bắc, Sơn Trà",luxury;peninsula;beach,All year,"Resort 6*, kiến trúc Bill Bensley.",,,
202,Furama Resort Danang,Da Nang,hotel,4500000,1440,$$$,00:00,23:59,,4.6,9000.0,0.75,"105 Võ Nguyên Giáp, Ngũ Hành Sơn",resort;beach;family,All year,Resort lâu đời ven biển.,,,
203,Hyatt Regency Danang Resort and Spa,Da Nang,hotel,5000000,1440,$$$,00:00,23:59,,4.6,8000.0,0.7,"05 Trường Sa, Ngũ Hành Sơn",luxury;family;beach,All year,"Resort cao cấp, bãi biển riêng.",,,
204,Pullman Danang Beach Resort,Da Nang,hotel,3800000,1440,$$$,00:00,23:59,,4.5,6000.0,0.6,"101 Võ Nguyên Giáp, Ngũ Hành Sơn",resort;beach;spa,All year,Khu nghỉ dưỡng 5*.,,,
205,Naman Retreat,Da Nang,hotel,5500000,1440,$$$,00:00,23:59,,4.6,5000.0,0.55,"Trường Sa, Ngũ Hành Sơn",retreat;villa;bamboo,All year,"Kiến trúc tre độc đáo, wellness.",,,
206,Melia Danang Beach Resort,Da Nang,hotel,3200000,1440,$$$,00:00,23:59,,4.4,4000.0,0.45,"19 Trường Sa, Ngũ Hành Sơn",resort;beach;family,All year,Khu nghỉ ven biển Non Nước.,,,
207,Four Points by Sheraton Danang,Da Nang,hotel,2800000,1440,$$,00:00,23:59,,4.4,4500.0,0.5,"118-120 Võ Nguyên Giáp, Sơn Trà",hotel;rooftop pool;sea view,All year,Khách sạn 5* mặt biển.,,,
208,Novotel Danang Premier Han River,Da Nang,hotel,2600000,1440,$$,00:00,23:59,,4.5,7000.0,0.6,"36 Bạch Đằng, Hải Châu",hotel;river;sky36,All year,Khách sạn cao tầng view sông.,,,
209,Vinpearl Condotel Riverfront Danang,Da Nang,hotel,2400000,1440,$$,00:00,23:59,,4.5,6500.0,0.55,"341 Trần Hưng Đạo, Sơn Trà",condotel;river;family,All year,Căn hộ khách sạn bên sông.,,,
210,Grand Mercure Danang,Da Nang,hotel,2200000,1440,$$,00:00,23:59,,4.4,5000.0,0.45,"Lot A1 Green Island, Hải Châu",hotel;island;spa,All year,Khách sạn trên đảo Xanh.,,,
211,Hilton Da Nang,Da Nang,hotel,2800000,1440,$$,00:00,23:59,,4.4,3000.0,0.35,"50 Bạch Đằng, Hải Châu",hotel;river;business,All year,Ngay trung tâm sông Hàn.,,,
212,Brilliant Hotel,Da Nang,hotel,1800000,1440,$$,00:00,23:59,,4.4,6000.0,0.5,"162 Bạch Đằng, Hải Châu",river;spa;restaurant,All year,Khách sạn tầm trung ven sông.,,,
213,A La Carte Danang Beach,Da Nang,hotel,2000000,1440,$$,00:00,23:59,,4.3,7000.0,0.55,"200 Võ Nguyên Giáp, Sơn Trà",aparthotel;rooftop pool;sea,All year,Aparthotel gần biển Mỹ Khê.,,,
214,Mandila Beach Hotel,Da Nang,hotel,1700000,1440,$$,00:00,23:59,,4.3,4000.0,0.4,"218 Võ Nguyên Giáp, Sơn Trà",hotel;sea view;rooftop,All year,"View biển, giá hợp lý.",,,
215,Sel de Mer Hotel & Suites,Da Nang,hotel,2200000,1440,$$,00:00,23:59,,4.5,3500.0,0.38,"92 Võ Nguyên Giáp, Sơn Trà",hotel;sea;spa,All year,"Khách sạn mới, hiện đại.",,,
216,TMS Hotel Da Nang Beach,Da Nang,hotel,1900000,1440,$$,00:00,23:59,,4.4,3000.0,0.35,"292 Võ Nguyên Giáp, Sơn Trà",hotel;rooftop;sea,All year,Gần biển Mỹ Khê.,,,
217,DLG Hotel Danang,Da Nang,hotel,2100000,1440,$$,00:00,23:59,,4.3,2500.0,0.3,"258 Võ Nguyên Giáp, Sơn Trà",hotel;sea;family,All year,Phù hợp gia đình.,,,
218,HAIAN Beach Hotel & Spa,Da Nang,hotel,1800000,1440,$$,00:00,23:59,,4.5,7000.0,0.55,"278 Võ Nguyên Giáp, Sơn Trà",hotel;sea;rooftop,All year,Giá/hiệu năng tốt.,,,
219,Minh Toàn Galaxy Hotel,Da Nang,hotel,1200000,1440,$,00:00,23:59,,4.2,3000.0,0.3,"306 2/9, Hải Châu",hotel;center;value,All year,Gần Asia Park & Helio.,,,
220,ibis Styles Danang,Da Nang,hotel,1200000,1440,$,00:00,23:59,,4.2,3500.0,0.32,"Lot 38B-39B Trần Hưng Đạo, Sơn Trà",budget;river;family,All year,"Giá mềm, view sông.",,,
221,Sheraton Grand Danang Resort,Da Nang,hotel,6000000,1440,$$$,00:00,23:59,,4.7,7000,0.7,"35 Trường Sa, Ngũ Hành Sơn",luxury;beach;conference,All year,Resort 5* quốc tế ven biển Non Nước.,,,
222,Crowne Plaza Danang,Da Nang,hotel,5000000,1440,$$$,00:00,23:59,,4.6,6000,0.65,"8 Trường Sa, Ngũ Hành Sơn",luxury;casino;beach,All year,"Khu nghỉ dưỡng 5*, có casino.",,,
223,Radisson Hotel Danang,Da Nang,hotel,3000000,1440,$$,00:00,23:59,,4.5,4500,0.55,"170 Võ Nguyên Giáp, Sơn Trà",hotel;sea;modern,All year,Khách sạn 5* hiện đại sát biển.,,,
224,Muong Thanh Luxury Danang,Da Nang,hotel,2500000,1440,$$,00:00,23:59,,4.3,8000,0.6,"270 Võ Nguyên Giáp, Ngũ Hành Sơn",hotel;luxury;sea,All year,Chuỗi Mường Thanh phân khúc cao cấp.,,,
225,Royal Lotus Hotel Danang,Da Nang,hotel,2200000,1440,$$,00:00,23:59,,4.2,5000,0.45,"120A Nguyễn Văn Thoại, Ngũ Hành Sơn",hotel;city;sea,All year,Khách sạn gần biển Mỹ Khê.,,,
226,Rosamia Hotel Danang,Da Nang,hotel,2300000,1440,$$,00:00,23:59,,4.4,4000,0.5,"282 Võ Nguyên Giáp, Ngũ Hành Sơn",hotel;sea view;spa,All year,"Khách sạn cao tầng, view biển.",,,
227,Golden Bay Hotel Danang,Da Nang,hotel,2700000,1440,$$,00:00,23:59,,4.4,7000,0.55,"Lê Văn Duyệt, Sơn Trà",hotel;gold pool;luxury,All year,Khách sạn có hồ bơi dát vàng.,,,
228,Hilary Hotel Danang,Da Nang,hotel,1600000,1440,$,00:00,23:59,,4.2,1500,0.25,Ngũ Hành Sơn,hotel;budget;clean,All year,"Khách sạn giá rẻ, sạch sẽ gần biển.",,,
229,DLG Hotel Beachfront,Da Nang,hotel,2100000,1440,$$,00:00,23:59,,4.3,2500,0.35,"258 Võ Nguyên Giáp, Sơn Trà",hotel;sea;family,All year,Khách sạn phù hợp gia đình.,,,
230,Rosie Hotel Danang,Da Nang,hotel,1500000,1440,$,00:00,23:59,,4.1,1200,0.2,Ngũ Hành Sơn,hotel;budget;cozy,All year,"Khách sạn nhỏ, tiện nghi cơ bản.",,,
301,Lễ hội Pháo hoa Quốc tế Đà Nẵng (DIFF),Da Nang,event,0,180,$$,,,,,4.8,30000.0,0.95,Dọc sông Hàn (khán đài Trần Hưng Đạo),festival;fireworks;summer,Summer,Sự kiện pháo hoa tầm cỡ quốc tế.,,
302,Show Cầu Rồng phun lửa & nước (cuối tuần),Da Nang,event,0,15,$,21:00,21:15,,4.7,20000.0,1.0,"Khu vực đầu Rồng, Trần Hưng Đạo",bridge show;night;free,Weekend,Thứ 7 & CN buổi tối (kiểm tra lịch).,,,
303,IRONMAN 70.3 Vietnam – Danang,Da Nang,event,2000000,360,$$$,,,,,4.7,5000.0,0.6,Công viên Biển Đông & ven biển,sport;triathlon,May,Giải 3 môn phối hợp quốc tế.,,
304,Marathon Quốc tế Đà Nẵng (DNIM),Da Nang,event,800000,240,$$,,,,,4.6,6000.0,0.55,Công viên Biển Đông & các cầu,marathon;sport,August,Cung đường qua các cây cầu.,,
305,Lễ hội Quán Thế Âm – Ngũ Hành Sơn,Da Nang,event,0,240,$,,,,,4.5,3000.0,0.4,Khu danh thắng Ngũ Hành Sơn,festival;religion;spring,March,Lễ hội truyền thống lớn của ĐN.,,
306,Lễ hội Đèn lồng & Biển – Công viên Biển Đông,Da Nang,event,0,180,$,18:00,22:00,,4.4,4000.0,0.35,Công viên Biển Đông,lantern;beach;music,Summer,"Trang trí đèn lồng, âm nhạc biển.",,,
